{"cameraMode":{"drawMode":0,"name":"Shaded","section":"Shading Mode"},"sceneLighting":false,"audioPlay":false,"sceneViewState":{"showFog":true,"showMaterialUpdate":false,"showSkybox":false,"showFlares":true,"showImageEffects":true,"showParticleSystems":true},"in2DMode":false,"pivot":{"x":0.6867327690124512,"y":0.5093011856079102,"z":-10.328067779541016},"rotation":{"x":-0.21212029457092286,"y":0.494993656873703,"z":-0.12602902948856355,"w":-0.8331310153007507},"size":2.666025161743164,"orthographic":false}