{"cameraMode":{"drawMode":0,"name":"Shaded","section":"Shading Mode"},"sceneLighting":false,"audioPlay":false,"sceneViewState":{"showFog":true,"showMaterialUpdate":false,"showSkybox":false,"showFlares":true,"showImageEffects":true,"showParticleSystems":true},"in2DMode":false,"pivot":{"x":2.1959469318389894,"y":1.4648447036743165,"z":-9.841902732849121},"rotation":{"x":-0.09465611726045609,"y":0.015526579692959786,"z":-0.0014765686355531216,"w":-0.9953898191452026},"size":1.7378439903259278,"orthographic":false}